{
    "action_repeat": 4,
    "actor_beta": 0.9,
    "actor_log_std_max": 2,
    "actor_log_std_min": -10,
    "actor_lr": 0.001,
    "actor_update_freq": 2,
    "agent": "sac_ae",
    "alpha_beta": 0.5,
    "alpha_lr": 0.0001,
    "batch_size": 128,
    "critic_beta": 0.9,
    "critic_lr": 0.001,
    "critic_target_update_freq": 2,
    "critic_tau": 0.01,
    "decoder_latent_lambda": 1e-06,
    "decoder_lr": 0.001,
    "decoder_type": "pixel",
    "decoder_update_freq": 1,
    "decoder_weight_lambda": 1e-07,
    "discount": 0.99,
    "domain_name": "cheetah",
    "encoder_feature_dim": 50,
    "encoder_lr": 0.001,
    "encoder_tau": 0.05,
    "encoder_type": "pixel",
    "eval_freq": 10000,
    "frame_stack": 3,
    "hidden_dim": 1024,
    "image_size": 84,
    "init_steps": 1000,
    "init_temperature": 0.1,
    "num_eval_episodes": 10,
    "num_filters": 32,
    "num_layers": 4,
    "num_train_steps": 1000000,
    "replay_buffer_capacity": 1000000,
    "save_buffer": false,
    "save_model": false,
    "save_tb": true,
    "save_video": true,
    "seed": 1,
    "task_name": "run",
    "work_dir": "./log"
}